<kie-server-state>
  <controllers/>
  <configuration>
    <configItems>
      <config-item>
        <name>org.kie.server.controller</name>
        <value></value>
        <type>java.lang.String</type>
      </config-item>
      <config-item>
        <name>org.kie.server.id</name>
        <value>DoReMi-service</value>
        <type>java.lang.String</type>
      </config-item>
      <config-item>
        <name>org.kie.server.location</name>
        <value>http://localhost:8090/rest/server</value>
        <type>java.lang.String</type>
      </config-item>
    </configItems>
  </configuration>
  <containers>
    <container>
      <containerId>DoReMi-kjar_1.0-SNAPSHOT</containerId>
      <releaseId>
        <groupId>com.thesundaylunatics</groupId>
        <artifactId>DoReMi-kjar</artifactId>
        <version>1.0-SNAPSHOT</version>
      </releaseId>
      <status>STARTED</status>
      <scanner>
        <status>STOPPED</status>
      </scanner>
      <configItems>
        <config-item>
          <name>KBase</name>
          <value></value>
          <type>BPM</type>
        </config-item>
        <config-item>
          <name>KSession</name>
          <value></value>
          <type>BPM</type>
        </config-item>
        <config-item>
          <name>MergeMode</name>
          <value>MERGE_COLLECTIONS</value>
          <type>BPM</type>
        </config-item>
        <config-item>
          <name>RuntimeStrategy</name>
          <value>PER_PROCESS_INSTANCE</value>
          <type>BPM</type>
        </config-item>
      </configItems>
      <messages/>
      <containerAlias>DoReMi-kjar</containerAlias>
    </container>
  </containers>
</kie-server-state>